Juan,Pérez,testuser01@anb.com,Test123!,Bogotá,Colombia
María,González,testuser02@anb.com,Test123!,Medellín,Colombia
Carlos,Rodríguez,testuser03@anb.com,Test123!,Cali,Colombia
Ana,Martínez,testuser04@anb.com,Test123!,Bogotá,Colombia
Luis,López,testuser05@anb.com,Test123!,Medellín,Colombia
Laura,García,testuser06@anb.com,Test123!,Cali,Colombia
Pedro,Hernández,testuser07@anb.com,Test123!,Bogotá,Colombia
Sofia,Torres,testuser08@anb.com,Test123!,Medellín,Colombia
Diego,Ramírez,testuser09@anb.com,Test123!,Cali,Colombia
Valentina,Flores,testuser10@anb.com,Test123!,Bogotá,Colombia
Andrés,Castro,testuser11@anb.com,Test123!,Medellín,Colombia
Camila,Vargas,testuser12@anb.com,Test123!,Cali,Colombia
Santiago,Morales,testuser13@anb.com,Test123!,Bogotá,Colombia
Isabella,Ruiz,testuser14@anb.com,Test123!,Medellín,Colombia
Mateo,Díaz,testuser15@anb.com,Test123!,Cali,Colombia
Daniela,Jiménez,testuser16@anb.com,Test123!,Bogotá,Colombia
Sebastián,Rojas,testuser17@anb.com,Test123!,Medellín,Colombia
Valeria,Mendoza,testuser18@anb.com,Test123!,Cali,Colombia
Nicolás,Cruz,testuser19@anb.com,Test123!,Bogotá,Colombia
Gabriela,Ortiz,testuser20@anb.com,Test123!,Medellín,Colombia